<?xml version="1.0" encoding="UTF-8" ?>
<!DOCTYPE mapper
        PUBLIC "-//mybatis.org//DTD Mapper 3.0//EN"
        "http://mybatis.org/dtd/mybatis-3-mapper.dtd">
<mapper namespace="cn.tedu.egmybatis4.mapper.ProductMapper">
    <insert id="insertProduct">INSERT INTO product (title, price, stock)
                               VALUES (#{title}, #{price}, #{stock})</insert>
    <delete id="deleteProduct">DELETE
                               FROM product
                               WHERE id = #{id}</delete>
    <update id="updateProduct">UPDATE product
                               SET title = #{title},
                                   price = #{price},
                                   stock = #{stock}
                               WHERE id = #{id}</update>
    <select id="selectProductById" resultType="cn.tedu.egmybatis4.mybatis.entity.Product">SELECT id, title, price, stock
                                                                                          FROM product
                                                                                          WHERE id = #{id}</select>
    <select id="selectAllProduct" resultType="cn.tedu.egmybatis4.mybatis.vo.ProductVO1">SELECT id, title, price, stock
                                                                                        FROM product</select>

</mapper>
